seller_0, air file maid stool stove cave one barely retire visa grid bachelor renew weasel obscure burger decide submit turn hint skirt youth medal able question, E2MXGJACFIROCJPCCU2HTMVDOZFN63PSQZHPUMRCIYJB2LYU24NES4WQHU
seller_1, oyster egg bench receive wise foster intact window pole cupboard only lawn camera blade prevent eternal say crazy palm humor social develop seat abandon portion, ZK7GFEM3LE4D4FYX6LKP3ME7F5T2M726NYGO3J5LQYNVKBSCQ6QQRZNRVY
seller_2, cattle mesh media judge sibling club chest bundle hub seed employ soap already track try effort mixture paddle urban kidney food general token able muffin, UG5J2NHXSPDR5SU77VYFLQYW6RKOVK22BGM36ZGANYMCF4TBVQRHWH5OT4
seller_3, palm use custom general better axis crystal shaft anxiety next license fragile ecology alien athlete supply elevator cause fresh upset eager during fit abandon tuition, 7ZYFPDNG3BIDXLXGSHCFTI3ZDHWIPYKXLB5TN3DBLNA2QBKKR6JM4YMGZU
seller_4, wink still deputy any inform exhibit clock spin into cricket broken pony trick problem cherry flash hood broom reflect engine report eager bike absorb palace, L5H3NUAQ7UO3UPZPLRUO3SLE32C7FZMGGTSCAZNPB624JGZYHCGEM3O5WY
buyer_0, spider decline scare ticket someone judge stool vacuum egg identify dentist source later ginger armor ridge vicious trigger recipe enrich table neglect clerk ability february, EHXTQVAW6E7CJQ6GRISVAQD2DIASLYV3U62NTVCXBN26QUAILW7COZFB2U
buyer_1, craft october citizen funny thrive tell hollow piano unknown announce kite weird denial clarify express brisk economy round parrot security stereo filter mirror abstract random, YBXA6XVHBO7XBMJCKXWKGSULWSK4KP4KHLDBKWUN3UWBU7LJYRYZMPLDQM
buyer_2, similar car hidden dog sign rack exist simple lumber near slight knife apple car sniff follow raven bamboo movie salt spin fortune silent ability echo, 72UORSIE2FIE4AUPVGOR3P656V6KT7JO4Y2B3ON4T66DCG6R5KODMKIDBY
buyer_3, slow month cement myth nest cricket surround open clump pulse palm wide nature laugh three foster kangaroo seven jar mutual head blind require able quick, ZX47ZW2TIEBML72LM6ES7PPH3ZVOPX6227UQZAQIXHURAK6GEDPMZCTOOY
buyer_4, alone barely among point differ helmet kit advice industry mixture slab bacon reject turtle regular garden adjust nation cage mean copy amount biology about letter, 7VPBCN44LTQTKXGGMJCV2TZBALDCRBPALGDWJ7VVZRPDYWULYMPEZ4ZGAU
matcher_0, bonus person knife side screen price tourist winter arrive sock bless uncle fence primary vocal devote song color fiscal enlist can keep early about step, BQ5LGQGJBX7DKQCHGAHTBZWCBZCEIS6YEOWMUXM7W2KNYTLCEB7SIH3VEQ
